SubscriptionName,PolicyName,RetentionDays,RetentionWeeks,RetentionMonths,RetentionYears,IncrementalRetentionDays,SchedulePolicyType,ScheduleRunFrequency,ScheduleRunDays,WorkloadType,ResourceGroup,RecoveryServicesVault
Sub-MoogComm-Aircraft-Convergence-NonProd,HANADB-Tier1,60,null,13,7,null,SimpleSchedulePolicy,Daily,[],SAPHanaDatabase,RG-GBAZ1-Convergence-Backup-SB,rsv-gbaz1-convergence-backup-sb
Sub-MoogComm-Aircraft-Convergence-NonProd,HANADB-Tier2,null,4,6,null,28,SimpleSchedulePolicy,Weekly,[Monday, Tuesday, Wednesday, Thursday, Friday, Saturday],SAPHanaDatabase,RG-GBAZ1-Convergence-Backup-SB,rsv-gbaz1-convergence-backup-sb
Sub-MoogComm-Aircraft-Convergence-NonProd,HANADB-Tier3,null,4,1,null,28,SimpleSchedulePolicy,Weekly,[Monday, Tuesday, Wednesday, Thursday, Friday, Saturday],SAPHanaDatabase,RG-GBAZ1-Convergence-Backup-SB,rsv-gbaz1-convergence-backup-sb
Sub-MoogComm-Corp-Analytics-NonProd,HANADB-Tier1,60,null,13,7,null,SimpleSchedulePolicy,Daily,[],SAPHanaDatabase,RG-USAE2-Analytics-Backup-Dev,RSV-USAE2-Analytics-Backup-Dev
Sub-MoogComm-Corp-Analytics-NonProd,HANADB-Tier3,null,4,1,null,28,SimpleSchedulePolicy,Weekly,[Monday, Tuesday, Wednesday, Thursday, Friday, Saturday],SAPHanaDatabase,RG-USAE2-Analytics-Backup-Dev,RSV-USAE2-Analytics-Backup-Dev
Sub-MoogComm-Corp-Analytics-NonProd,HANADB-Tier2,null,4,6,null,28,SimpleSchedulePolicy,Weekly,[Monday, Tuesday, Wednesday, Thursday, Friday, Saturday],SAPHanaDatabase,RG-USAE2-Analytics-Backup-Dev,RSV-USAE2-Analytics-Backup-Dev
Sub-MoogComm-Corp-Analytics-NonProd,HANADB-Tier1,60,null,13,7,null,SimpleSchedulePolicy,Daily,[],SAPHanaDatabase,RG-USAE2-Analytics-Backup-NP,RSV-USAE2-Analytics-Backup-NP
Sub-MoogComm-Corp-Analytics-NonProd,HANADB-Tier2,null,4,6,null,28,SimpleSchedulePolicy,Weekly,[Monday, Tuesday, Wednesday, Thursday, Friday, Saturday],SAPHanaDatabase,RG-USAE2-Analytics-Backup-NP,RSV-USAE2-Analytics-Backup-NP
Sub-MoogComm-Corp-Analytics-NonProd,HANADB-Tier3,null,4,1,null,28,SimpleSchedulePolicy,Weekly,[Monday, Tuesday, Wednesday, Thursday, Friday, Saturday],SAPHanaDatabase,RG-USAE2-Analytics-Backup-NP,RSV-USAE2-Analytics-Backup-NP
Sub-MoogComm-Corp-Analytics-NonProd,HANADB-Tier2,null,4,6,null,28,SimpleSchedulePolicy,Weekly,[Monday, Tuesday, Wednesday, Thursday, Friday, Saturday],SAPHanaDatabase,RG-USAE2-Analytics-Backup-SB,RSV-USAE2-Analytics-Backup-SB
Sub-MoogComm-Corp-Analytics-NonProd,HANADB-Tier1,60,null,13,7,null,SimpleSchedulePolicy,Daily,[],SAPHanaDatabase,RG-USAE2-Analytics-Backup-SB,RSV-USAE2-Analytics-Backup-SB
Sub-MoogComm-Corp-Analytics-NonProd,HANADB-Tier3,null,4,1,null,28,SimpleSchedulePolicy,Weekly,[Monday, Tuesday, Wednesday, Thursday, Friday, Saturday],SAPHanaDatabase,RG-USAE2-Analytics-Backup-SB,RSV-USAE2-Analytics-Backup-SB
Sub-MoogComm-Corp-Analytics-US-NonProd,HANADB-Tier1,60,null,13,7,null,SimpleSchedulePolicy,Daily,[],SAPHanaDatabase,RG-USAE2-Analytics-Backup-US-NP,RSV-USAE2-Analytics-Backup-US-NP
Sub-MoogComm-Corp-Analytics-US-NonProd,HANADB-Tier2,null,4,6,null,28,SimpleSchedulePolicy,Weekly,[Monday, Tuesday, Wednesday, Thursday, Friday, Saturday],SAPHanaDatabase,RG-USAE2-Analytics-Backup-US-NP,RSV-USAE2-Analytics-Backup-US-NP
Sub-MoogComm-Corp-Analytics-US-NonProd,HANADB-Tier3,null,4,1,null,28,SimpleSchedulePolicy,Weekly,[Monday, Tuesday, Wednesday, Thursday, Friday, Saturday],SAPHanaDatabase,RG-USAE2-Analytics-Backup-US-NP,RSV-USAE2-Analytics-Backup-US-NP
Sub-MoogComm-Corp-Analytics-UK-NonProd,HANADB-Tier2,null,4,6,null,28,SimpleSchedulePolicy,Weekly,[Monday, Tuesday, Wednesday, Thursday, Friday, Saturday],SAPHanaDatabase,RG-GBAZ1-Analytics-Backup-NP,RSV-GBAZ1-Analytics-Backup-NP
Sub-MoogComm-Corp-Analytics-UK-NonProd,HANADB-Tier3,null,4,1,null,28,SimpleSchedulePolicy,Weekly,[Monday, Tuesday, Wednesday, Thursday, Friday, Saturday],SAPHanaDatabase,RG-GBAZ1-Analytics-Backup-NP,RSV-GBAZ1-Analytics-Backup-NP
Sub-MoogComm-Corp-Analytics-UK-NonProd,HANADB-Tier1,60,null,13,7,null,SimpleSchedulePolicy,Daily,[],SAPHanaDatabase,RG-GBAZ1-Analytics-Backup-NP,RSV-GBAZ1-Analytics-Backup-NP
Subscription-Moog-Commercial-Dev/Test,HANADB-Tier3,null,4,1,null,28,SimpleSchedulePolicy,Weekly,[Monday, Tuesday, Wednesday, Thursday, Friday, Saturday],SAPHanaDatabase,RG-USAZ2-AutoTime-Backup-NP,rsv-usaz2-autotime-backup-np
Subscription-Moog-Commercial-Dev/Test,HANADB-Tier2,null,4,6,null,28,SimpleSchedulePolicy,Weekly,[Monday, Tuesday, Wednesday, Thursday, Friday, Saturday],SAPHanaDatabase,RG-USAZ2-AutoTime-Backup-NP,rsv-usaz2-autotime-backup-np
Subscription-Moog-Commercial-Dev/Test,HANADB-Tier1,60,null,13,7,null,SimpleSchedulePolicy,Daily,[],SAPHanaDatabase,RG-USAZ2-AutoTime-Backup-NP,rsv-usaz2-autotime-backup-np
Subscription-Moog-Commercial-Dev/Test,HANADB-Tier2,null,4,6,null,28,SimpleSchedulePolicy,Weekly,[Monday, Tuesday, Wednesday, Thursday, Friday, Saturday],SAPHanaDatabase,RG-USAZ2-Backup-Recovery,RSV-USAZ2-Backup-IaaS
Subscription-Moog-Commercial-Dev/Test,HANADB-Tier1,60,null,13,7,null,SimpleSchedulePolicy,Daily,[],SAPHanaDatabase,RG-USAZ2-Backup-Recovery,RSV-USAZ2-Backup-IaaS
Subscription-Moog-Commercial-Dev/Test,HANADB-Tier3,null,4,1,null,28,SimpleSchedulePolicy,Weekly,[Monday, Tuesday, Wednesday, Thursday, Friday, Saturday],SAPHanaDatabase,RG-USAZ2-Backup-Recovery,RSV-USAZ2-Backup-IaaS
Subscription-Moog-Commercial-Dev/Test,HANADB-Tier1,60,null,13,7,null,SimpleSchedulePolicy,Daily,[],SAPHanaDatabase,RG-USAE2-AutoTime-Recovery-NP,rsv-usae2-autotime-recovery-np
Subscription-Moog-Commercial-Dev/Test,HANADB-Tier3,null,4,1,null,28,SimpleSchedulePolicy,Weekly,[Monday, Tuesday, Wednesday, Thursday, Friday, Saturday],SAPHanaDatabase,RG-USAE2-AutoTime-Recovery-NP,rsv-usae2-autotime-recovery-np
Subscription-Moog-Commercial-Dev/Test,HANADB-Tier2,null,4,6,null,28,SimpleSchedulePolicy,Weekly,[Monday, Tuesday, Wednesday, Thursday, Friday, Saturday],SAPHanaDatabase,RG-USAE2-AutoTime-Recovery-NP,rsv-usae2-autotime-recovery-np
Subscription-Moog-Commercial-Dev/Test,HANADB-Tier3,null,4,1,null,28,SimpleSchedulePolicy,Weekly,[Monday, Tuesday, Wednesday, Thursday, Friday, Saturday],SAPHanaDatabase,RG-USAE2-Backup-Recovery,RSV-USAE2-Backup-IaaS
Subscription-Moog-Commercial-Dev/Test,HANADB-Tier1,60,null,13,7,null,SimpleSchedulePolicy,Daily,[],SAPHanaDatabase,RG-USAE2-Backup-Recovery,RSV-USAE2-Backup-IaaS
Subscription-Moog-Commercial-Dev/Test,HANADB-Tier2,null,4,6,null,28,SimpleSchedulePolicy,Weekly,[Monday, Tuesday, Wednesday, Thursday, Friday, Saturday],SAPHanaDatabase,RG-USAE2-Backup-Recovery,RSV-USAE2-Backup-IaaS
Subscription-Moog-Commercial-Dev/Test,HANADB-Tier3,null,4,1,null,28,SimpleSchedulePolicy,Weekly,[Monday, Tuesday, Wednesday, Thursday, Friday, Saturday],SAPHanaDatabase,RG-Backup-Vault-RSV,vault415
Subscription-Moog-Commercial-Dev/Test,HANADB-Tier1,60,null,13,7,null,SimpleSchedulePolicy,Daily,[],SAPHanaDatabase,RG-Backup-Vault-RSV,vault415
Subscription-Moog-Commercial-Dev/Test,HANADB-Tier2,null,4,6,null,28,SimpleSchedulePolicy,Weekly,[Monday, Tuesday, Wednesday, Thursday, Friday, Saturday],SAPHanaDatabase,RG-Backup-Vault-RSV,vault415
Sub-MoogComm-Corp-Analytics-US-Prod,HANADB-Tier2,null,4,6,null,28,SimpleSchedulePolicy,Weekly,[Monday, Tuesday, Wednesday, Thursday, Friday, Saturday],SAPHanaDatabase,RG-USAE2-Analytics-Backup,RSV-USAE2-Analytics-Backup
Sub-MoogComm-Corp-Analytics-US-Prod,HANADB-Tier3,null,4,1,null,28,SimpleSchedulePolicy,Weekly,[Monday, Tuesday, Wednesday, Thursday, Friday, Saturday],SAPHanaDatabase,RG-USAE2-Analytics-Backup,RSV-USAE2-Analytics-Backup
Sub-MoogComm-Corp-Analytics-US-Prod,HANADB-Tier1,60,null,13,7,null,SimpleSchedulePolicy,Daily,[],SAPHanaDatabase,RG-USAE2-Analytics-Backup,RSV-USAE2-Analytics-Backup
Moog-Azure-IaaS,HANADB-Tier2,null,4,6,null,28,SimpleSchedulePolicy,Weekly,[Monday, Tuesday, Wednesday, Thursday, Friday, Saturday],SAPHanaDatabase,RG-IEAZ1-Backup-Recovery,RSV-IEAZ1-Backup-IaaS
Moog-Azure-IaaS,HANADB-Tier3,null,4,1,null,28,SimpleSchedulePolicy,Weekly,[Monday, Tuesday, Wednesday, Thursday, Friday, Saturday],SAPHanaDatabase,RG-IEAZ1-Backup-Recovery,RSV-IEAZ1-Backup-IaaS
Moog-Azure-IaaS,HANADB-Tier1,60,null,13,7,null,SimpleSchedulePolicy,Daily,[],SAPHanaDatabase,RG-IEAZ1-Backup-Recovery,RSV-IEAZ1-Backup-IaaS
Moog-Azure-IaaS,HANADB-Tier3,null,4,1,null,28,SimpleSchedulePolicy,Weekly,[Monday, Tuesday, Wednesday, Thursday, Friday, Saturday],SAPHanaDatabase,RG-NLAW2-Backup-Recovery,RSV-NLAW2-Backup-IaaS
Moog-Azure-IaaS,HANADB-Tier2,null,4,6,null,28,SimpleSchedulePolicy,Weekly,[Monday, Tuesday, Wednesday, Thursday, Friday, Saturday],SAPHanaDatabase,RG-NLAW2-Backup-Recovery,RSV-NLAW2-Backup-IaaS
Moog-Azure-IaaS,HANADB-Tier1,60,null,13,7,null,SimpleSchedulePolicy,Daily,[],SAPHanaDatabase,RG-NLAW2-Backup-Recovery,RSV-NLAW2-Backup-IaaS
Moog-Azure-IaaS,HANADB-Tier1,60,null,13,7,null,SimpleSchedulePolicy,Daily,[],SAPHanaDatabase,RG-NLAW2-MDG-Backup,RSV-NLAW2-MDG01
Moog-Azure-IaaS,HANADB-Tier2,null,4,6,null,28,SimpleSchedulePolicy,Weekly,[Monday, Tuesday, Wednesday, Thursday, Friday, Saturday],SAPHanaDatabase,RG-NLAW2-MDG-Backup,RSV-NLAW2-MDG01
Moog-Azure-IaaS,HANADB-Tier3,null,4,1,null,28,SimpleSchedulePolicy,Weekly,[Monday, Tuesday, Wednesday, Thursday, Friday, Saturday],SAPHanaDatabase,RG-NLAW2-MDG-Backup,RSV-NLAW2-MDG01
Moog-Azure-IaaS,HANADB-Tier3,null,4,1,null,28,SimpleSchedulePolicy,Weekly,[Monday, Tuesday, Wednesday, Thursday, Friday, Saturday],SAPHanaDatabase,RG-NLAW2-PRD-MDG-Migration,RSV-NLAW2-MDG-ASR01
Moog-Azure-IaaS,HANADB-Tier2,null,4,6,null,28,SimpleSchedulePolicy,Weekly,[Monday, Tuesday, Wednesday, Thursday, Friday, Saturday],SAPHanaDatabase,RG-NLAW2-PRD-MDG-Migration,RSV-NLAW2-MDG-ASR01
Moog-Azure-IaaS,HANADB-Tier1,60,null,13,7,null,SimpleSchedulePolicy,Daily,[],SAPHanaDatabase,RG-NLAW2-PRD-MDG-Migration,RSV-NLAW2-MDG-ASR01
Moog-Azure-IaaS,HANADB-Tier3,null,4,1,null,28,SimpleSchedulePolicy,Weekly,[Monday, Tuesday, Wednesday, Thursday, Friday, Saturday],SAPHanaDatabase,RG-NLAW2-System,RSV-NLAW2
Moog-Azure-IaaS,HANADB-Tier2,null,4,6,null,28,SimpleSchedulePolicy,Weekly,[Monday, Tuesday, Wednesday, Thursday, Friday, Saturday],SAPHanaDatabase,RG-NLAW2-System,RSV-NLAW2
Moog-Azure-IaaS,HANADB-Tier1,60,null,13,7,null,SimpleSchedulePolicy,Daily,[],SAPHanaDatabase,RG-NLAW2-System,RSV-NLAW2
Moog-Azure-IaaS,HANADB-Tier2,null,4,6,null,28,SimpleSchedulePolicy,Weekly,[Monday, Tuesday, Wednesday, Thursday, Friday, Saturday],SAPHanaDatabase,RG-SGAZ1-AzureBackup,RSV-SGAZ1-Vault1
Moog-Azure-IaaS,HANADB-Tier1,60,null,13,7,null,SimpleSchedulePolicy,Daily,[],SAPHanaDatabase,RG-SGAZ1-AzureBackup,RSV-SGAZ1-Vault1
Moog-Azure-IaaS,HANADB-Tier3,null,4,1,null,28,SimpleSchedulePolicy,Weekly,[Monday, Tuesday, Wednesday, Thursday, Friday, Saturday],SAPHanaDatabase,RG-SGAZ1-AzureBackup,RSV-SGAZ1-Vault1
Moog-Azure-IaaS,HANADB-Tier2,null,4,6,null,28,SimpleSchedulePolicy,Weekly,[Monday, Tuesday, Wednesday, Thursday, Friday, Saturday],SAPHanaDatabase,RG-SGAZ1-AzureBackup,RSV-SGAZ1-Vault2
Moog-Azure-IaaS,HANADB-Tier3,null,4,1,null,28,SimpleSchedulePolicy,Weekly,[Monday, Tuesday, Wednesday, Thursday, Friday, Saturday],SAPHanaDatabase,RG-SGAZ1-AzureBackup,RSV-SGAZ1-Vault2
Moog-Azure-IaaS,HANADB-Tier1,60,null,13,7,null,SimpleSchedulePolicy,Daily,[],SAPHanaDatabase,RG-SGAZ1-AzureBackup,RSV-SGAZ1-Vault2
Moog-Azure-IaaS,HANADB-Tier2,null,4,6,null,28,SimpleSchedulePolicy,Weekly,[Monday, Tuesday, Wednesday, Thursday, Friday, Saturday],SAPHanaDatabase,RG-SGAZ1-AzureBackup,RSV-SGAZ1-Vault1
Moog-Azure-IaaS,HANADB-Tier1,60,null,13,7,null,SimpleSchedulePolicy,Daily,[],SAPHanaDatabase,RG-SGAZ1-AzureBackup,RSV-SGAZ1-Vault1
Moog-Azure-IaaS,HANADB-Tier3,null,4,1,null,28,SimpleSchedulePolicy,Weekly,[Monday, Tuesday, Wednesday, Thursday, Friday, Saturday],SAPHanaDatabase,RG-SGAZ1-AzureBackup,RSV-SGAZ1-Vault1
Moog-Azure-IaaS,HANADB-Tier2,null,4,6,null,28,SimpleSchedulePolicy,Weekly,[Monday, Tuesday, Wednesday, Thursday, Friday, Saturday],SAPHanaDatabase,RG-SGAZ1-AzureBackup,RSV-SGAZ1-Vault2
Moog-Azure-IaaS,HANADB-Tier3,null,4,1,null,28,SimpleSchedulePolicy,Weekly,[Monday, Tuesday, Wednesday, Thursday, Friday, Saturday],SAPHanaDatabase,RG-SGAZ1-AzureBackup,RSV-SGAZ1-Vault2
Moog-Azure-IaaS,HANADB-Tier1,60,null,13,7,null,SimpleSchedulePolicy,Daily,[],SAPHanaDatabase,RG-SGAZ1-AzureBackup,RSV-SGAZ1-Vault2
Moog-Azure-IaaS,HANADB-Tier2,null,4,6,null,28,SimpleSchedulePolicy,Weekly,[Monday, Tuesday, Wednesday, Thursday, Friday, Saturday],SAPHanaDatabase,RG-SGAZ1-Backup-Recovery,RSV-SGAZ1-Backup-IaaS
Moog-Azure-IaaS,HANADB-Tier3,null,4,1,null,28,SimpleSchedulePolicy,Weekly,[Monday, Tuesday, Wednesday, Thursday, Friday, Saturday],SAPHanaDatabase,RG-SGAZ1-Backup-Recovery,RSV-SGAZ1-Backup-IaaS
Moog-Azure-IaaS,HANADB-Tier1,60,null,13,7,null,SimpleSchedulePolicy,Daily,[],SAPHanaDatabase,RG-SGAZ1-Backup-Recovery,RSV-SGAZ1-Backup-IaaS
Moog-Azure-IaaS,HANADB-Tier1,60,null,13,7,null,SimpleSchedulePolicy,Daily,[],SAPHanaDatabase,RG-AUAZ1-Backup-Recovery,RSV-AUAZ1-Backup-IaaS
Moog-Azure-IaaS,HANADB-Tier2,null,4,6,null,28,SimpleSchedulePolicy,Weekly,[Monday, Tuesday, Wednesday, Thursday, Friday, Saturday],SAPHanaDatabase,RG-AUAZ1-Backup-Recovery,RSV-AUAZ1-Backup-IaaS
Moog-Azure-IaaS,HANADB-Tier3,null,4,1,null,28,SimpleSchedulePolicy,Weekly,[Monday, Tuesday, Wednesday, Thursday, Friday, Saturday],SAPHanaDatabase,RG-AUAZ1-Backup-Recovery,RSV-AUAZ1-Backup-IaaS
Moog-Azure-IaaS,HANADB-Tier3,null,4,1,null,28,SimpleSchedulePolicy,Weekly,[Monday, Tuesday, Wednesday, Thursday, Friday, Saturday],SAPHanaDatabase,RG-USAZ2-AutoTime-Recovery,rsv-usaz2-autotime-recovery
Moog-Azure-IaaS,HANADB-Tier1,60,null,13,7,null,SimpleSchedulePolicy,Daily,[],SAPHanaDatabase,RG-USAZ2-AutoTime-Recovery,rsv-usaz2-autotime-recovery
Moog-Azure-IaaS,HANADB-Tier2,null,4,6,null,28,SimpleSchedulePolicy,Weekly,[Monday, Tuesday, Wednesday, Thursday, Friday, Saturday],SAPHanaDatabase,RG-USAZ2-AutoTime-Recovery,rsv-usaz2-autotime-recovery
Moog-Azure-IaaS,HANADB-Tier3,null,4,1,null,28,SimpleSchedulePolicy,Weekly,[Monday, Tuesday, Wednesday, Thursday, Friday, Saturday],SAPHanaDatabase,RG-USAZ2-Backup-Recovery,RSV-USAZ2-Backup-IaaS
Moog-Azure-IaaS,HANADB-Tier2,null,4,6,null,28,SimpleSchedulePolicy,Weekly,[Monday, Tuesday, Wednesday, Thursday, Friday, Saturday],SAPHanaDatabase,RG-USAZ2-Backup-Recovery,RSV-USAZ2-Backup-IaaS
Moog-Azure-IaaS,HANADB-Tier1,60,null,13,7,null,SimpleSchedulePolicy,Daily,[],SAPHanaDatabase,RG-USAZ2-Backup-Recovery,RSV-USAZ2-Backup-IaaS
Moog-Azure-IaaS,HANADB-Tier1,60,null,13,7,null,SimpleSchedulePolicy,Daily,[],SAPHanaDatabase,RG-USAZ2-Systems,RSV-USAZ2
Moog-Azure-IaaS,HANADB-Tier2,null,4,6,null,28,SimpleSchedulePolicy,Weekly,[Monday, Tuesday, Wednesday, Thursday, Friday, Saturday],SAPHanaDatabase,RG-USAZ2-Systems,RSV-USAZ2
Moog-Azure-IaaS,HANADB-Tier3,null,4,1,null,28,SimpleSchedulePolicy,Weekly,[Monday, Tuesday, Wednesday, Thursday, Friday, Saturday],SAPHanaDatabase,RG-USAZ2-Systems,RSV-USAZ2
Moog-Azure-IaaS,HANADB-Tier3,null,4,1,null,28,SimpleSchedulePolicy,Weekly,[Monday, Tuesday, Wednesday, Thursday, Friday, Saturday],SAPHanaDatabase,RG-USAE2-AutoTime-Backup,rsv-usae2-autotime-backup
Moog-Azure-IaaS,HANADB-Tier2,null,4,6,null,28,SimpleSchedulePolicy,Weekly,[Monday, Tuesday, Wednesday, Thursday, Friday, Saturday],SAPHanaDatabase,RG-USAE2-AutoTime-Backup,rsv-usae2-autotime-backup
Moog-Azure-IaaS,HANADB-Tier1,60,null,13,7,null,SimpleSchedulePolicy,Daily,[],SAPHanaDatabase,RG-USAE2-AutoTime-Backup,rsv-usae2-autotime-backup
Moog-Azure-IaaS,HANADB-Tier1,60,null,13,7,null,SimpleSchedulePolicy,Daily,[],SAPHanaDatabase,RG-USAE2-Backup-Recovery,RSV-USAE2-Backup-IaaS
Moog-Azure-IaaS,HANADB-Tier3,null,4,1,null,28,SimpleSchedulePolicy,Weekly,[Monday, Tuesday, Wednesday, Thursday, Friday, Saturday],SAPHanaDatabase,RG-USAE2-Backup-Recovery,RSV-USAE2-Backup-IaaS
Moog-Azure-IaaS,HANADB-Tier2,null,4,6,null,28,SimpleSchedulePolicy,Weekly,[Monday, Tuesday, Wednesday, Thursday, Friday, Saturday],SAPHanaDatabase,RG-USAE2-Backup-Recovery,RSV-USAE2-Backup-IaaS
Moog-Azure-IaaS,HANADB-Tier1,60,null,13,7,null,SimpleSchedulePolicy,Daily,[],SAPHanaDatabase,RG-USAE2-MDG-Backup,RSV-USAE2-MDG01
Moog-Azure-IaaS,HANADB-Tier3,null,4,1,null,28,SimpleSchedulePolicy,Weekly,[Monday, Tuesday, Wednesday, Thursday, Friday, Saturday],SAPHanaDatabase,RG-USAE2-MDG-Backup,RSV-USAE2-MDG01
Moog-Azure-IaaS,HANADB-Tier2,null,4,6,null,28,SimpleSchedulePolicy,Weekly,[Monday, Tuesday, Wednesday, Thursday, Friday, Saturday],SAPHanaDatabase,RG-USAE2-MDG-Backup,RSV-USAE2-MDG01
Moog-Azure-IaaS,HANADB-Tier1,60,null,13,7,null,SimpleSchedulePolicy,Daily,[],SAPHanaDatabase,RG-USAE2-PRD-MDG-Migration,RSV-USAE2-MDG-ASR01
Moog-Azure-IaaS,HANADB-Tier3,null,4,1,null,28,SimpleSchedulePolicy,Weekly,[Monday, Tuesday, Wednesday, Thursday, Friday, Saturday],SAPHanaDatabase,RG-USAE2-PRD-MDG-Migration,RSV-USAE2-MDG-ASR01
Moog-Azure-IaaS,HANADB-Tier2,null,4,6,null,28,SimpleSchedulePolicy,Weekly,[Monday, Tuesday, Wednesday, Thursday, Friday, Saturday],SAPHanaDatabase,RG-USAE2-PRD-MDG-Migration,RSV-USAE2-MDG-ASR01
Moog-Azure-IaaS,HANADB-Tier1,60,null,13,7,null,SimpleSchedulePolicy,Daily,[],SAPHanaDatabase,RG-USAE2-PRD-MDG-Migration,RSV-USAE2-MDG-ASR02
Moog-Azure-IaaS,HANADB-Tier2,null,4,6,null,28,SimpleSchedulePolicy,Weekly,[Monday, Tuesday, Wednesday, Thursday, Friday, Saturday],SAPHanaDatabase,RG-USAE2-PRD-MDG-Migration,RSV-USAE2-MDG-ASR02
Moog-Azure-IaaS,HANADB-Tier3,null,4,1,null,28,SimpleSchedulePolicy,Weekly,[Monday, Tuesday, Wednesday, Thursday, Friday, Saturday],SAPHanaDatabase,RG-USAE2-PRD-MDG-Migration,RSV-USAE2-MDG-ASR02
Moog-Azure-IaaS,HANADB-Tier2,null,4,6,null,28,SimpleSchedulePolicy,Weekly,[Monday, Tuesday, Wednesday, Thursday, Friday, Saturday],SAPHanaDatabase,RG-USAE2-PRD-MDG-Migration,RSV-USAE2-MDG-ASR03
Moog-Azure-IaaS,HANADB-Tier1,60,null,13,7,null,SimpleSchedulePolicy,Daily,[],SAPHanaDatabase,RG-USAE2-PRD-MDG-Migration,RSV-USAE2-MDG-ASR03
Moog-Azure-IaaS,HANADB-Tier3,null,4,1,null,28,SimpleSchedulePolicy,Weekly,[Monday, Tuesday, Wednesday, Thursday, Friday, Saturday],SAPHanaDatabase,RG-USAE2-PRD-MDG-Migration,RSV-USAE2-MDG-ASR03
Moog-Azure-IaaS,HANADB-Tier1,60,null,13,7,null,SimpleSchedulePolicy,Daily,[],SAPHanaDatabase,RG-USAE2-PRD-MDG-Migration,RSV-USAE2-MDG-ASR01
Moog-Azure-IaaS,HANADB-Tier3,null,4,1,null,28,SimpleSchedulePolicy,Weekly,[Monday, Tuesday, Wednesday, Thursday, Friday, Saturday],SAPHanaDatabase,RG-USAE2-PRD-MDG-Migration,RSV-USAE2-MDG-ASR01
Moog-Azure-IaaS,HANADB-Tier2,null,4,6,null,28,SimpleSchedulePolicy,Weekly,[Monday, Tuesday, Wednesday, Thursday, Friday, Saturday],SAPHanaDatabase,RG-USAE2-PRD-MDG-Migration,RSV-USAE2-MDG-ASR01
Moog-Azure-IaaS,HANADB-Tier1,60,null,13,7,null,SimpleSchedulePolicy,Daily,[],SAPHanaDatabase,RG-USAE2-PRD-MDG-Migration,RSV-USAE2-MDG-ASR02
Moog-Azure-IaaS,HANADB-Tier2,null,4,6,null,28,SimpleSchedulePolicy,Weekly,[Monday, Tuesday, Wednesday, Thursday, Friday, Saturday],SAPHanaDatabase,RG-USAE2-PRD-MDG-Migration,RSV-USAE2-MDG-ASR02
Moog-Azure-IaaS,HANADB-Tier3,null,4,1,null,28,SimpleSchedulePolicy,Weekly,[Monday, Tuesday, Wednesday, Thursday, Friday, Saturday],SAPHanaDatabase,RG-USAE2-PRD-MDG-Migration,RSV-USAE2-MDG-ASR02
Moog-Azure-IaaS,HANADB-Tier2,null,4,6,null,28,SimpleSchedulePolicy,Weekly,[Monday, Tuesday, Wednesday, Thursday, Friday, Saturday],SAPHanaDatabase,RG-USAE2-PRD-MDG-Migration,RSV-USAE2-MDG-ASR03
Moog-Azure-IaaS,HANADB-Tier1,60,null,13,7,null,SimpleSchedulePolicy,Daily,[],SAPHanaDatabase,RG-USAE2-PRD-MDG-Migration,RSV-USAE2-MDG-ASR03
Moog-Azure-IaaS,HANADB-Tier3,null,4,1,null,28,SimpleSchedulePolicy,Weekly,[Monday, Tuesday, Wednesday, Thursday, Friday, Saturday],SAPHanaDatabase,RG-USAE2-PRD-MDG-Migration,RSV-USAE2-MDG-ASR03
Moog-Azure-IaaS,HANADB-Tier1,60,null,13,7,null,SimpleSchedulePolicy,Daily,[],SAPHanaDatabase,RG-USAE2-PRD-MDG-Migration,RSV-USAE2-MDG-ASR01
Moog-Azure-IaaS,HANADB-Tier3,null,4,1,null,28,SimpleSchedulePolicy,Weekly,[Monday, Tuesday, Wednesday, Thursday, Friday, Saturday],SAPHanaDatabase,RG-USAE2-PRD-MDG-Migration,RSV-USAE2-MDG-ASR01
Moog-Azure-IaaS,HANADB-Tier2,null,4,6,null,28,SimpleSchedulePolicy,Weekly,[Monday, Tuesday, Wednesday, Thursday, Friday, Saturday],SAPHanaDatabase,RG-USAE2-PRD-MDG-Migration,RSV-USAE2-MDG-ASR01
Moog-Azure-IaaS,HANADB-Tier1,60,null,13,7,null,SimpleSchedulePolicy,Daily,[],SAPHanaDatabase,RG-USAE2-PRD-MDG-Migration,RSV-USAE2-MDG-ASR02
Moog-Azure-IaaS,HANADB-Tier2,null,4,6,null,28,SimpleSchedulePolicy,Weekly,[Monday, Tuesday, Wednesday, Thursday, Friday, Saturday],SAPHanaDatabase,RG-USAE2-PRD-MDG-Migration,RSV-USAE2-MDG-ASR02
Moog-Azure-IaaS,HANADB-Tier3,null,4,1,null,28,SimpleSchedulePolicy,Weekly,[Monday, Tuesday, Wednesday, Thursday, Friday, Saturday],SAPHanaDatabase,RG-USAE2-PRD-MDG-Migration,RSV-USAE2-MDG-ASR02
Moog-Azure-IaaS,HANADB-Tier2,null,4,6,null,28,SimpleSchedulePolicy,Weekly,[Monday, Tuesday, Wednesday, Thursday, Friday, Saturday],SAPHanaDatabase,RG-USAE2-PRD-MDG-Migration,RSV-USAE2-MDG-ASR03
Moog-Azure-IaaS,HANADB-Tier1,60,null,13,7,null,SimpleSchedulePolicy,Daily,[],SAPHanaDatabase,RG-USAE2-PRD-MDG-Migration,RSV-USAE2-MDG-ASR03
Moog-Azure-IaaS,HANADB-Tier3,null,4,1,null,28,SimpleSchedulePolicy,Weekly,[Monday, Tuesday, Wednesday, Thursday, Friday, Saturday],SAPHanaDatabase,RG-USAE2-PRD-MDG-Migration,RSV-USAE2-MDG-ASR03
Moog-Azure-IaaS,HANADB-Tier1,60,null,13,7,null,SimpleSchedulePolicy,Daily,[],SAPHanaDatabase,RG-USAE2-Security-Backup,RSV-USAE2-Security-Backup
Moog-Azure-IaaS,HANADB-Tier2,null,4,6,null,28,SimpleSchedulePolicy,Weekly,[Monday, Tuesday, Wednesday, Thursday, Friday, Saturday],SAPHanaDatabase,RG-USAE2-Security-Backup,RSV-USAE2-Security-Backup
Moog-Azure-IaaS,HANADB-Tier3,null,4,1,null,28,SimpleSchedulePolicy,Weekly,[Monday, Tuesday, Wednesday, Thursday, Friday, Saturday],SAPHanaDatabase,RG-USAE2-Security-Backup,RSV-USAE2-Security-Backup
Moog-Azure-IaaS,HANADB-Tier3,null,4,1,null,28,SimpleSchedulePolicy,Weekly,[Monday, Tuesday, Wednesday, Thursday, Friday, Saturday],SAPHanaDatabase,RG-CAAZ1-Backup-Recovery,RSV-CAAZ1-Backup-IaaS
Moog-Azure-IaaS,HANADB-Tier1,60,null,13,7,null,SimpleSchedulePolicy,Daily,[],SAPHanaDatabase,RG-CAAZ1-Backup-Recovery,RSV-CAAZ1-Backup-IaaS
Moog-Azure-IaaS,HANADB-Tier2,null,4,6,null,28,SimpleSchedulePolicy,Weekly,[Monday, Tuesday, Wednesday, Thursday, Friday, Saturday],SAPHanaDatabase,RG-CAAZ1-Backup-Recovery,RSV-CAAZ1-Backup-IaaS
Moog-Azure-IaaS,HANADB-Tier1,60,null,13,7,null,SimpleSchedulePolicy,Daily,[],SAPHanaDatabase,RG-GBAZ1-Backup-Recovery,RSV-GBAZ1-Backup-IaaS
Moog-Azure-IaaS,HANADB-Tier2,null,4,6,null,28,SimpleSchedulePolicy,Weekly,[Monday, Tuesday, Wednesday, Thursday, Friday, Saturday],SAPHanaDatabase,RG-GBAZ1-Backup-Recovery,RSV-GBAZ1-Backup-IaaS
Moog-Azure-IaaS,HANADB-Tier3,null,4,1,null,28,SimpleSchedulePolicy,Weekly,[Monday, Tuesday, Wednesday, Thursday, Friday, Saturday],SAPHanaDatabase,RG-GBAZ1-Backup-Recovery,RSV-GBAZ1-Backup-IaaS
Moog-Azure-IaaS,HANADB-Tier1,60,null,13,7,null,SimpleSchedulePolicy,Daily,[],SAPHanaDatabase,RG-DEAZ1-Backup-Recovery,RSV-DEAZ1-Backup-IaaS
Moog-Azure-IaaS,HANADB-Tier2,null,4,6,null,28,SimpleSchedulePolicy,Weekly,[Monday, Tuesday, Wednesday, Thursday, Friday, Saturday],SAPHanaDatabase,RG-DEAZ1-Backup-Recovery,RSV-DEAZ1-Backup-IaaS
Moog-Azure-IaaS,HANADB-Tier3,null,4,1,null,28,SimpleSchedulePolicy,Weekly,[Monday, Tuesday, Wednesday, Thursday, Friday, Saturday],SAPHanaDatabase,RG-DEAZ1-Backup-Recovery,RSV-DEAZ1-Backup-IaaS
Sub-MoogComm-Corp-Analytics-UK-Prod,HANADB-Tier3,null,4,1,null,28,SimpleSchedulePolicy,Weekly,[Monday, Tuesday, Wednesday, Thursday, Friday, Saturday],SAPHanaDatabase,RG-GBAZ1-Analytics-Backup,RSV-GBAZ1-Analytics-Backup
Sub-MoogComm-Corp-Analytics-UK-Prod,HANADB-Tier1,60,null,13,7,null,SimpleSchedulePolicy,Daily,[],SAPHanaDatabase,RG-GBAZ1-Analytics-Backup,RSV-GBAZ1-Analytics-Backup
Sub-MoogComm-Corp-Analytics-UK-Prod,HANADB-Tier2,null,4,6,null,28,SimpleSchedulePolicy,Weekly,[Monday, Tuesday, Wednesday, Thursday, Friday, Saturday],SAPHanaDatabase,RG-GBAZ1-Analytics-Backup,RSV-GBAZ1-Analytics-Backup
Sub-Moog-IG-SAP-NonProd,HANADB-Tier1,60,null,13,7,null,SimpleSchedulePolicy,Daily,[],SAPHanaDatabase,RG-GBAZ1-IGSAP-Backup-Dev,rsv-gbaz1-igsap-backup-dev
Sub-Moog-IG-SAP-NonProd,HANADB-Tier3,null,4,1,null,28,SimpleSchedulePolicy,Weekly,[Monday, Tuesday, Wednesday, Thursday, Friday, Saturday],SAPHanaDatabase,RG-GBAZ1-IGSAP-Backup-Dev,rsv-gbaz1-igsap-backup-dev
Sub-Moog-IG-SAP-NonProd,HANADB-Tier2,null,4,6,null,28,SimpleSchedulePolicy,Weekly,[Monday, Tuesday, Wednesday, Thursday, Friday, Saturday],SAPHanaDatabase,RG-GBAZ1-IGSAP-Backup-Dev,rsv-gbaz1-igsap-backup-dev
Sub-Moog-IG-SAP-NonProd,HANADB-Tier2,null,4,6,null,28,SimpleSchedulePolicy,Weekly,[Monday, Tuesday, Wednesday, Thursday, Friday, Saturday],SAPHanaDatabase,RG-GBAZ1-IGSAP-Backup-NP,rsv-gbaz1-igsap-backup-np
Sub-Moog-IG-SAP-NonProd,HANADB-Tier3,null,4,1,null,28,SimpleSchedulePolicy,Weekly,[Monday, Tuesday, Wednesday, Thursday, Friday, Saturday],SAPHanaDatabase,RG-GBAZ1-IGSAP-Backup-NP,rsv-gbaz1-igsap-backup-np
Sub-Moog-IG-SAP-NonProd,HANADB-Tier1,60,null,13,7,null,SimpleSchedulePolicy,Daily,[],SAPHanaDatabase,RG-GBAZ1-IGSAP-Backup-NP,rsv-gbaz1-igsap-backup-np
Sub-Moog-IG-SAP-NonProd,HANADB-Tier2,null,4,6,null,28,SimpleSchedulePolicy,Weekly,[Monday, Tuesday, Wednesday, Thursday, Friday, Saturday],SAPHanaDatabase,RG-GBAZ1-IGSAP-Backup-QA,rsv-gbaz1-igsap-backup-qa
Sub-Moog-IG-SAP-NonProd,HANADB-Tier3,null,4,1,null,28,SimpleSchedulePolicy,Weekly,[Monday, Tuesday, Wednesday, Thursday, Friday, Saturday],SAPHanaDatabase,RG-GBAZ1-IGSAP-Backup-QA,rsv-gbaz1-igsap-backup-qa
Sub-Moog-IG-SAP-NonProd,HANADB-Tier1,60,null,13,7,null,SimpleSchedulePolicy,Daily,[],SAPHanaDatabase,RG-GBAZ1-IGSAP-Backup-QA,rsv-gbaz1-igsap-backup-qa
Sub-Moog-IG-SAP-NonProd,HANADB-Tier2,null,4,6,null,28,SimpleSchedulePolicy,Weekly,[Monday, Tuesday, Wednesday, Thursday, Friday, Saturday],SAPHanaDatabase,RG-GBAZ1-IGSAP-Backup-SB,rsv-gbaz1-igsap-backup-sb
Sub-Moog-IG-SAP-NonProd,HANADB-Tier1,60,null,13,7,null,SimpleSchedulePolicy,Daily,[],SAPHanaDatabase,RG-GBAZ1-IGSAP-Backup-SB,rsv-gbaz1-igsap-backup-sb
Sub-Moog-IG-SAP-NonProd,HANADB-Tier3,null,4,1,null,28,SimpleSchedulePolicy,Weekly,[Monday, Tuesday, Wednesday, Thursday, Friday, Saturday],SAPHanaDatabase,RG-GBAZ1-IGSAP-Backup-SB,rsv-gbaz1-igsap-backup-sb
Sub-Moog-IG-SAP-Prod,HANADB-Tier2,null,4,6,null,28,SimpleSchedulePolicy,Weekly,[Monday, Tuesday, Wednesday, Thursday, Friday, Saturday],SAPHanaDatabase,RG-GBAZ1-IGSAP-Backup,rsv-gbaz1-igsap-backup
Sub-Moog-IG-SAP-Prod,HANADB-Tier1,60,null,13,7,null,SimpleSchedulePolicy,Daily,[],SAPHanaDatabase,RG-GBAZ1-IGSAP-Backup,rsv-gbaz1-igsap-backup
Sub-Moog-IG-SAP-Prod,HANADB-Tier3,null,4,1,null,28,SimpleSchedulePolicy,Weekly,[Monday, Tuesday, Wednesday, Thursday, Friday, Saturday],SAPHanaDatabase,RG-GBAZ1-IGSAP-Backup,rsv-gbaz1-igsap-backup
Sub-MoogMedical-Commercial-MedicalProducts-DEV/TEST,HANADB-Tier1,60,null,13,7,null,SimpleSchedulePolicy,Daily,[],SAPHanaDatabase,RG-USAW2-Backup-Recovery,RSV-USAW2-Backup-IaaS
Sub-MoogMedical-Commercial-MedicalProducts-DEV/TEST,HANADB-Tier3,null,4,1,null,28,SimpleSchedulePolicy,Weekly,[Monday, Tuesday, Wednesday, Thursday, Friday, Saturday],SAPHanaDatabase,RG-USAW2-Backup-Recovery,RSV-USAW2-Backup-IaaS
Sub-MoogMedical-Commercial-MedicalProducts-DEV/TEST,HANADB-Tier2,null,4,6,null,28,SimpleSchedulePolicy,Weekly,[Monday, Tuesday, Wednesday, Thursday, Friday, Saturday],SAPHanaDatabase,RG-USAW2-Backup-Recovery,RSV-USAW2-Backup-IaaS
Jonathan Daigle Test Subscription,HANADB-Tier3,null,4,1,null,28,SimpleSchedulePolicy,Weekly,[Monday, Tuesday, Wednesday, Thursday, Friday, Saturday],SAPHanaDatabase,DaigleTestMar,vault599
Jonathan Daigle Test Subscription,HANADB-Tier1,60,null,13,7,null,SimpleSchedulePolicy,Daily,[],SAPHanaDatabase,DaigleTestMar,vault599
Jonathan Daigle Test Subscription,HANADB-Tier2,null,4,6,null,28,SimpleSchedulePolicy,Weekly,[Monday, Tuesday, Wednesday, Thursday, Friday, Saturday],SAPHanaDatabase,DaigleTestMar,vault599
Sub-MoogComm-GenerativeAI-NonProd,HANADB-Tier2,null,4,6,null,28,SimpleSchedulePolicy,Weekly,[Monday, Tuesday, Wednesday, Thursday, Friday, Saturday],SAPHanaDatabase,RG-USAE2-GEN-AI-DEVVM-D,RSV-USAE2-BACKUP-GENAI-NON-PROD
Sub-MoogComm-GenerativeAI-NonProd,HANADB-Tier3,null,4,1,null,28,SimpleSchedulePolicy,Weekly,[Monday, Tuesday, Wednesday, Thursday, Friday, Saturday],SAPHanaDatabase,RG-USAE2-GEN-AI-DEVVM-D,RSV-USAE2-BACKUP-GENAI-NON-PROD
Sub-MoogComm-GenerativeAI-NonProd,HANADB-Tier1,60,null,13,7,null,SimpleSchedulePolicy,Daily,[],SAPHanaDatabase,RG-USAE2-GEN-AI-DEVVM-D,RSV-USAE2-BACKUP-GENAI-NON-PROD
Sub-MoogComm-SmartFactory-Dev,HANADB-Tier1,60,null,13,7,null,SimpleSchedulePolicy,Daily,[],SAPHanaDatabase,rg-USAE2-FAC-PLA-2-MANAGEMENT-D,RSV-USAE2-Backup-IaaS-Smart-Factory-Dev
Sub-MoogComm-SmartFactory-Dev,HANADB-Tier3,null,4,1,null,28,SimpleSchedulePolicy,Weekly,[Monday, Tuesday, Wednesday, Thursday, Friday, Saturday],SAPHanaDatabase,rg-USAE2-FAC-PLA-2-MANAGEMENT-D,RSV-USAE2-Backup-IaaS-Smart-Factory-Dev
Sub-MoogComm-SmartFactory-Dev,HANADB-Tier2,null,4,6,null,28,SimpleSchedulePolicy,Weekly,[Monday, Tuesday, Wednesday, Thursday, Friday, Saturday],SAPHanaDatabase,rg-USAE2-FAC-PLA-2-MANAGEMENT-D,RSV-USAE2-Backup-IaaS-Smart-Factory-Dev
Sub-Moog-AD-SAP-NonProd,HANADB-Tier1,60,null,13,7,null,SimpleSchedulePolicy,Daily,[],SAPHanaDatabase,RG-USAZ2-ADSAP-Recovery-NP,rsv-usaz2-adsap-recovery-np
Sub-Moog-AD-SAP-NonProd,HANADB-Tier3,null,4,1,null,28,SimpleSchedulePolicy,Weekly,[Monday, Tuesday, Wednesday, Thursday, Friday, Saturday],SAPHanaDatabase,RG-USAZ2-ADSAP-Recovery-NP,rsv-usaz2-adsap-recovery-np
Sub-Moog-AD-SAP-NonProd,HANADB-Tier2,null,4,6,null,28,SimpleSchedulePolicy,Weekly,[Monday, Tuesday, Wednesday, Thursday, Friday, Saturday],SAPHanaDatabase,RG-USAZ2-ADSAP-Recovery-NP,rsv-usaz2-adsap-recovery-np
Sub-Moog-AD-SAP-NonProd,HANADB-Tier1,60,null,13,7,null,SimpleSchedulePolicy,Daily,[],SAPHanaDatabase,RG-USAE2-ADSAP-Middleware-Common-QA,rsv-usae2-adsap-middleware-common-qa
Sub-Moog-AD-SAP-NonProd,HANADB-Tier3,null,4,1,null,28,SimpleSchedulePolicy,Weekly,[Monday, Tuesday, Wednesday, Thursday, Friday, Saturday],SAPHanaDatabase,RG-USAE2-ADSAP-Middleware-Common-QA,rsv-usae2-adsap-middleware-common-qa
Sub-Moog-AD-SAP-NonProd,HANADB-Tier2,null,4,6,null,28,SimpleSchedulePolicy,Weekly,[Monday, Tuesday, Wednesday, Thursday, Friday, Saturday],SAPHanaDatabase,RG-USAE2-ADSAP-Middleware-Common-QA,rsv-usae2-adsap-middleware-common-qa
Sub-Moog-AD-SAP-NonProd,HANADB-Tier1,60,null,13,7,null,SimpleSchedulePolicy,Daily,[],SAPHanaDatabase,RG-GBAZ1-ADSAP-3-Backup-QA,rsv-gbaz1-adsap-3-backup-qa
Sub-Moog-AD-SAP-NonProd,HANADB-Tier2,null,4,6,null,28,SimpleSchedulePolicy,Weekly,[Monday, Tuesday, Wednesday, Thursday, Friday, Saturday],SAPHanaDatabase,RG-GBAZ1-ADSAP-3-Backup-QA,rsv-gbaz1-adsap-3-backup-qa
Sub-Moog-AD-SAP-NonProd,HANADB-Tier3,null,4,1,null,28,SimpleSchedulePolicy,Weekly,[Monday, Tuesday, Wednesday, Thursday, Friday, Saturday],SAPHanaDatabase,RG-GBAZ1-ADSAP-3-Backup-QA,rsv-gbaz1-adsap-3-backup-qa
Sub-Moog-AD-SAP-NonProd,HANADB-Tier1,60,null,13,7,null,SimpleSchedulePolicy,Daily,[],SAPHanaDatabase,RG-GBAZ1-ADSAP-4-Backup-QA,rsv-gbaz1-adsap-4-backup-qa
Sub-Moog-AD-SAP-NonProd,HANADB-Tier2,null,4,6,null,28,SimpleSchedulePolicy,Weekly,[Monday, Tuesday, Wednesday, Thursday, Friday, Saturday],SAPHanaDatabase,RG-GBAZ1-ADSAP-4-Backup-QA,rsv-gbaz1-adsap-4-backup-qa
Sub-Moog-AD-SAP-NonProd,HANADB-Tier3,null,4,1,null,28,SimpleSchedulePolicy,Weekly,[Monday, Tuesday, Wednesday, Thursday, Friday, Saturday],SAPHanaDatabase,RG-GBAZ1-ADSAP-4-Backup-QA,rsv-gbaz1-adsap-4-backup-qa
Sub-Moog-AD-SAP-NonProd,HANADB-Tier1,60,null,13,7,null,SimpleSchedulePolicy,Daily,[],SAPHanaDatabase,RG-GBAZ1-ADSAP-Backup-NP,RSV-GBAZ1-ADSAP-Backup-NP
Sub-Moog-AD-SAP-NonProd,HANADB-Tier2,null,4,6,null,28,SimpleSchedulePolicy,Weekly,[Monday, Tuesday, Wednesday, Thursday, Friday, Saturday],SAPHanaDatabase,RG-GBAZ1-ADSAP-Backup-NP,RSV-GBAZ1-ADSAP-Backup-NP
Sub-Moog-AD-SAP-NonProd,HANADB-Tier3,null,4,1,null,28,SimpleSchedulePolicy,Weekly,[Monday, Tuesday, Wednesday, Thursday, Friday, Saturday],SAPHanaDatabase,RG-GBAZ1-ADSAP-Backup-NP,RSV-GBAZ1-ADSAP-Backup-NP
Sub-Moog-AD-SAP-NonProd,HANADB-Tier1,60,null,13,7,null,SimpleSchedulePolicy,Daily,[],SAPHanaDatabase,RG-GBAZ1-ADSAP-Backup-QA,rsv-gbaz1-adsap-backup-qa
Sub-Moog-AD-SAP-NonProd,HANADB-Tier3,null,4,1,null,28,SimpleSchedulePolicy,Weekly,[Monday, Tuesday, Wednesday, Thursday, Friday, Saturday],SAPHanaDatabase,RG-GBAZ1-ADSAP-Backup-QA,rsv-gbaz1-adsap-backup-qa
Sub-Moog-AD-SAP-NonProd,HANADB-Tier2,null,4,6,null,28,SimpleSchedulePolicy,Weekly,[Monday, Tuesday, Wednesday, Thursday, Friday, Saturday],SAPHanaDatabase,RG-GBAZ1-ADSAP-Backup-QA,rsv-gbaz1-adsap-backup-qa
Sub-Moog-AD-SAP-Prod,HANADB-Tier1,60,null,13,7,null,SimpleSchedulePolicy,Daily,[],SAPHanaDatabase,RG-GBAZ1-ADSAP-Backup,rsv-gbaz1-adsap-backup
Sub-Moog-AD-SAP-Prod,HANADB-Tier2,null,4,6,null,28,SimpleSchedulePolicy,Weekly,[Monday, Tuesday, Wednesday, Thursday, Friday, Saturday],SAPHanaDatabase,RG-GBAZ1-ADSAP-Backup,rsv-gbaz1-adsap-backup
Sub-Moog-AD-SAP-Prod,HANADB-Tier3,null,4,1,null,28,SimpleSchedulePolicy,Weekly,[Monday, Tuesday, Wednesday, Thursday, Friday, Saturday],SAPHanaDatabase,RG-GBAZ1-ADSAP-Backup,rsv-gbaz1-adsap-backup
Sub-Moog-Commercial-EndUserVirtualization-Prod,HANADB-Tier1,60,null,13,7,null,SimpleSchedulePolicy,Daily,[],SAPHanaDatabase,RG-IEAZ1-Backup-Infrastructure-Prod,RSV-IEAZ1-Backup-IaaS
Sub-Moog-Commercial-EndUserVirtualization-Prod,HANADB-Tier3,null,4,1,null,28,SimpleSchedulePolicy,Weekly,[Monday, Tuesday, Wednesday, Thursday, Friday, Saturday],SAPHanaDatabase,RG-IEAZ1-Backup-Infrastructure-Prod,RSV-IEAZ1-Backup-IaaS
Sub-Moog-Commercial-EndUserVirtualization-Prod,HANADB-Tier2,null,4,6,null,28,SimpleSchedulePolicy,Weekly,[Monday, Tuesday, Wednesday, Thursday, Friday, Saturday],SAPHanaDatabase,RG-IEAZ1-Backup-Infrastructure-Prod,RSV-IEAZ1-Backup-IaaS
Sub-Moog-Commercial-EndUserVirtualization-Prod,HANADB-Tier2,null,4,6,null,28,SimpleSchedulePolicy,Weekly,[Monday, Tuesday, Wednesday, Thursday, Friday, Saturday],SAPHanaDatabase,RG-NLAW2-Backup-Infrastructure-Prod,RSV-NLAW2-Backup-IaaS
Sub-Moog-Commercial-EndUserVirtualization-Prod,HANADB-Tier3,null,4,1,null,28,SimpleSchedulePolicy,Weekly,[Monday, Tuesday, Wednesday, Thursday, Friday, Saturday],SAPHanaDatabase,RG-NLAW2-Backup-Infrastructure-Prod,RSV-NLAW2-Backup-IaaS
Sub-Moog-Commercial-EndUserVirtualization-Prod,HANADB-Tier1,60,null,13,7,null,SimpleSchedulePolicy,Daily,[],SAPHanaDatabase,RG-NLAW2-Backup-Infrastructure-Prod,RSV-NLAW2-Backup-IaaS
Sub-Moog-Commercial-EndUserVirtualization-Prod,HANADB-Tier1,60,null,13,7,null,SimpleSchedulePolicy,Daily,[],SAPHanaDatabase,RG-USAZ2-Backup-Infrastructure-Prod,RSV-USAZ2-Backup-IaaS
Sub-Moog-Commercial-EndUserVirtualization-Prod,HANADB-Tier3,null,4,1,null,28,SimpleSchedulePolicy,Weekly,[Monday, Tuesday, Wednesday, Thursday, Friday, Saturday],SAPHanaDatabase,RG-USAZ2-Backup-Infrastructure-Prod,RSV-USAZ2-Backup-IaaS
Sub-Moog-Commercial-EndUserVirtualization-Prod,HANADB-Tier2,null,4,6,null,28,SimpleSchedulePolicy,Weekly,[Monday, Tuesday, Wednesday, Thursday, Friday, Saturday],SAPHanaDatabase,RG-USAZ2-Backup-Infrastructure-Prod,RSV-USAZ2-Backup-IaaS
Sub-Moog-Commercial-EndUserVirtualization-Prod,HANADB-Tier2,null,4,6,null,28,SimpleSchedulePolicy,Weekly,[Monday, Tuesday, Wednesday, Thursday, Friday, Saturday],SAPHanaDatabase,RG-USAE2-Backup-Infrastructure-Prod,RSV-USAE2-Backup-IaaS
Sub-Moog-Commercial-EndUserVirtualization-Prod,HANADB-Tier1,60,null,13,7,null,SimpleSchedulePolicy,Daily,[],SAPHanaDatabase,RG-USAE2-Backup-Infrastructure-Prod,RSV-USAE2-Backup-IaaS
Sub-Moog-Commercial-EndUserVirtualization-Prod,HANADB-Tier3,null,4,1,null,28,SimpleSchedulePolicy,Weekly,[Monday, Tuesday, Wednesday, Thursday, Friday, Saturday],SAPHanaDatabase,RG-USAE2-Backup-Infrastructure-Prod,RSV-USAE2-Backup-IaaS
Sub-Moog-Core-Networking,HANADB-Tier3,null,4,1,null,28,SimpleSchedulePolicy,Weekly,[Monday, Tuesday, Wednesday, Thursday, Friday, Saturday],SAPHanaDatabase,RG-NLAW2-Networking-Backup,RSV-NLAW2-Networking-Backup
Sub-Moog-Core-Networking,HANADB-Tier2,null,4,6,null,28,SimpleSchedulePolicy,Weekly,[Monday, Tuesday, Wednesday, Thursday, Friday, Saturday],SAPHanaDatabase,RG-NLAW2-Networking-Backup,RSV-NLAW2-Networking-Backup
Sub-Moog-Core-Networking,HANADB-Tier1,60,null,13,7,null,SimpleSchedulePolicy,Daily,[],SAPHanaDatabase,RG-NLAW2-Networking-Backup,RSV-NLAW2-Networking-Backup
Sub-Moog-Core-Identity,HANADB-Tier2,null,4,6,null,28,SimpleSchedulePolicy,Weekly,[Monday, Tuesday, Wednesday, Thursday, Friday, Saturday],SAPHanaDatabase,RG-NLAW2-Identity-Backup,rsv-nlaw2-identity-backup
Sub-Moog-Core-Identity,HANADB-Tier1,60,null,13,7,null,SimpleSchedulePolicy,Daily,[],SAPHanaDatabase,RG-NLAW2-Identity-Backup,rsv-nlaw2-identity-backup
Sub-Moog-Core-Identity,HANADB-Tier3,null,4,1,null,28,SimpleSchedulePolicy,Weekly,[Monday, Tuesday, Wednesday, Thursday, Friday, Saturday],SAPHanaDatabase,RG-NLAW2-Identity-Backup,rsv-nlaw2-identity-backup
Sub-Moog-Core-Identity,HANADB-Tier3,null,4,1,null,28,SimpleSchedulePolicy,Weekly,[Monday, Tuesday, Wednesday, Thursday, Friday, Saturday],SAPHanaDatabase,RG-SGAZ1-Identity-Backup,RSV-SGAZ1-Identity-Backup
Sub-Moog-Core-Identity,HANADB-Tier2,null,4,6,null,28,SimpleSchedulePolicy,Weekly,[Monday, Tuesday, Wednesday, Thursday, Friday, Saturday],SAPHanaDatabase,RG-SGAZ1-Identity-Backup,RSV-SGAZ1-Identity-Backup
Sub-Moog-Core-Identity,HANADB-Tier1,60,null,13,7,null,SimpleSchedulePolicy,Daily,[],SAPHanaDatabase,RG-SGAZ1-Identity-Backup,RSV-SGAZ1-Identity-Backup
Sub-Moog-Core-Identity,HANADB-Tier2,null,4,6,null,28,SimpleSchedulePolicy,Weekly,[Monday, Tuesday, Wednesday, Thursday, Friday, Saturday],SAPHanaDatabase,RG-AUAZ1-Identity-Backup,RSV-AUAZ1-Identity-Backup
Sub-Moog-Core-Identity,HANADB-Tier3,null,4,1,null,28,SimpleSchedulePolicy,Weekly,[Monday, Tuesday, Wednesday, Thursday, Friday, Saturday],SAPHanaDatabase,RG-AUAZ1-Identity-Backup,RSV-AUAZ1-Identity-Backup
Sub-Moog-Core-Identity,HANADB-Tier1,60,null,13,7,null,SimpleSchedulePolicy,Daily,[],SAPHanaDatabase,RG-AUAZ1-Identity-Backup,RSV-AUAZ1-Identity-Backup
Sub-Moog-Core-Identity,HANADB-Tier1,60,null,13,7,null,SimpleSchedulePolicy,Daily,[],SAPHanaDatabase,RG-USAZ2-Identity-Backup,RSV-USAZ2-Identity-Backup
Sub-Moog-Core-Identity,HANADB-Tier3,null,4,1,null,28,SimpleSchedulePolicy,Weekly,[Monday, Tuesday, Wednesday, Thursday, Friday, Saturday],SAPHanaDatabase,RG-USAZ2-Identity-Backup,RSV-USAZ2-Identity-Backup
Sub-Moog-Core-Identity,HANADB-Tier2,null,4,6,null,28,SimpleSchedulePolicy,Weekly,[Monday, Tuesday, Wednesday, Thursday, Friday, Saturday],SAPHanaDatabase,RG-USAZ2-Identity-Backup,RSV-USAZ2-Identity-Backup
Sub-Moog-Core-Identity,HANADB-Tier2,null,4,6,null,28,SimpleSchedulePolicy,Weekly,[Monday, Tuesday, Wednesday, Thursday, Friday, Saturday],SAPHanaDatabase,RG-USAE2-Identity-Backup,RSV-USAE2-Identity-Backup
Sub-Moog-Core-Identity,HANADB-Tier1,60,null,13,7,null,SimpleSchedulePolicy,Daily,[],SAPHanaDatabase,RG-USAE2-Identity-Backup,RSV-USAE2-Identity-Backup
Sub-Moog-Core-Identity,HANADB-Tier3,null,4,1,null,28,SimpleSchedulePolicy,Weekly,[Monday, Tuesday, Wednesday, Thursday, Friday, Saturday],SAPHanaDatabase,RG-USAE2-Identity-Backup,RSV-USAE2-Identity-Backup
Sub-Moog-Core-Identity,HANADB-Tier3,null,4,1,null,28,SimpleSchedulePolicy,Weekly,[Monday, Tuesday, Wednesday, Thursday, Friday, Saturday],SAPHanaDatabase,RG-CAAZ1-Identity-Backup,RSV-CAAZ1-Identity-Backup
Sub-Moog-Core-Identity,HANADB-Tier2,null,4,6,null,28,SimpleSchedulePolicy,Weekly,[Monday, Tuesday, Wednesday, Thursday, Friday, Saturday],SAPHanaDatabase,RG-CAAZ1-Identity-Backup,RSV-CAAZ1-Identity-Backup
Sub-Moog-Core-Identity,HANADB-Tier1,60,null,13,7,null,SimpleSchedulePolicy,Daily,[],SAPHanaDatabase,RG-CAAZ1-Identity-Backup,RSV-CAAZ1-Identity-Backup
Sub-Moog-Core-Identity,HANADB-Tier2,null,4,6,null,28,SimpleSchedulePolicy,Weekly,[Monday, Tuesday, Wednesday, Thursday, Friday, Saturday],SAPHanaDatabase,RG-GBAZ1-Identity-Backup,rsv-gbaz1-identity-backup
Sub-Moog-Core-Identity,HANADB-Tier3,null,4,1,null,28,SimpleSchedulePolicy,Weekly,[Monday, Tuesday, Wednesday, Thursday, Friday, Saturday],SAPHanaDatabase,RG-GBAZ1-Identity-Backup,rsv-gbaz1-identity-backup
Sub-Moog-Core-Identity,HANADB-Tier1,60,null,13,7,null,SimpleSchedulePolicy,Daily,[],SAPHanaDatabase,RG-GBAZ1-Identity-Backup,rsv-gbaz1-identity-backup
Sub-Moog-Core-Security,HANADB-Tier3,null,4,1,null,28,SimpleSchedulePolicy,Weekly,[Monday, Tuesday, Wednesday, Thursday, Friday, Saturday],SAPHanaDatabase,RG-NLAW2-Security-Backup,RSV-NLAW2-Security-Backup
Sub-Moog-Core-Security,HANADB-Tier2,null,4,6,null,28,SimpleSchedulePolicy,Weekly,[Monday, Tuesday, Wednesday, Thursday, Friday, Saturday],SAPHanaDatabase,RG-NLAW2-Security-Backup,RSV-NLAW2-Security-Backup
Sub-Moog-Core-Security,HANADB-Tier1,60,null,13,7,null,SimpleSchedulePolicy,Daily,[],SAPHanaDatabase,RG-NLAW2-Security-Backup,RSV-NLAW2-Security-Backup
Sub-Moog-Core-Security,HANADB-Tier3,null,4,1,null,28,SimpleSchedulePolicy,Weekly,[Monday, Tuesday, Wednesday, Thursday, Friday, Saturday],SAPHanaDatabase,RG-SGAZ1-Security-Backup,RSV-SGAZ1-Security-Backup
Sub-Moog-Core-Security,HANADB-Tier2,null,4,6,null,28,SimpleSchedulePolicy,Weekly,[Monday, Tuesday, Wednesday, Thursday, Friday, Saturday],SAPHanaDatabase,RG-SGAZ1-Security-Backup,RSV-SGAZ1-Security-Backup
Sub-Moog-Core-Security,HANADB-Tier1,60,null,13,7,null,SimpleSchedulePolicy,Daily,[],SAPHanaDatabase,RG-SGAZ1-Security-Backup,RSV-SGAZ1-Security-Backup
Sub-Moog-Core-Security,HANADB-Tier3,null,4,1,null,28,SimpleSchedulePolicy,Weekly,[Monday, Tuesday, Wednesday, Thursday, Friday, Saturday],SAPHanaDatabase,RG-USAZ2-Backup-Recovery,RSV-USAZ2-Backup-IaaS
Sub-Moog-Core-Security,HANADB-Tier2,null,4,6,null,28,SimpleSchedulePolicy,Weekly,[Monday, Tuesday, Wednesday, Thursday, Friday, Saturday],SAPHanaDatabase,RG-USAZ2-Backup-Recovery,RSV-USAZ2-Backup-IaaS
Sub-Moog-Core-Security,HANADB-Tier1,60,null,13,7,null,SimpleSchedulePolicy,Daily,[],SAPHanaDatabase,RG-USAZ2-Backup-Recovery,RSV-USAZ2-Backup-IaaS
Sub-Moog-Core-Security,HANADB-Tier1,60,null,13,7,null,SimpleSchedulePolicy,Daily,[],SAPHanaDatabase,RG-USAE2-Security-Backup,RSV-USAE2-Security-Backup
Sub-Moog-Core-Security,HANADB-Tier2,null,4,6,null,28,SimpleSchedulePolicy,Weekly,[Monday, Tuesday, Wednesday, Thursday, Friday, Saturday],SAPHanaDatabase,RG-USAE2-Security-Backup,RSV-USAE2-Security-Backup
Sub-Moog-Core-Security,HANADB-Tier3,null,4,1,null,28,SimpleSchedulePolicy,Weekly,[Monday, Tuesday, Wednesday, Thursday, Friday, Saturday],SAPHanaDatabase,RG-USAE2-Security-Backup,RSV-USAE2-Security-Backup
Visual Studio Enterprise Subscription,HANADB-Tier3,null,4,1,null,28,SimpleSchedulePolicy,Weekly,[Monday, Tuesday, Wednesday, Thursday, Friday, Saturday],SAPHanaDatabase,RG-USAE2-ASR-Test,defaultVault1
Visual Studio Enterprise Subscription,HANADB-Tier1,60,null,13,7,null,SimpleSchedulePolicy,Daily,[],SAPHanaDatabase,RG-USAE2-ASR-Test,defaultVault1
Visual Studio Enterprise Subscription,HANADB-Tier2,null,4,6,null,28,SimpleSchedulePolicy,Weekly,[Monday, Tuesday, Wednesday, Thursday, Friday, Saturday],SAPHanaDatabase,RG-USAE2-ASR-Test,defaultVault1
Sub-MoogInno-Aircraft-Convergence-NonProd,HANADB-Tier3,null,4,1,null,28,SimpleSchedulePolicy,Weekly,[Monday, Tuesday, Wednesday, Thursday, Friday, Saturday],SAPHanaDatabase,Quality-Prod,vault150
Sub-MoogInno-Aircraft-Convergence-NonProd,HANADB-Tier1,60,null,13,7,null,SimpleSchedulePolicy,Daily,[],SAPHanaDatabase,Quality-Prod,vault150
Sub-MoogInno-Aircraft-Convergence-NonProd,HANADB-Tier2,null,4,6,null,28,SimpleSchedulePolicy,Weekly,[Monday, Tuesday, Wednesday, Thursday, Friday, Saturday],SAPHanaDatabase,Quality-Prod,vault150
Sub-Moog-Innovation,HANADB-Tier2,null,4,6,null,28,SimpleSchedulePolicy,Weekly,[Monday, Tuesday, Wednesday, Thursday, Friday, Saturday],SAPHanaDatabase,autonomy-innovation,RSV-USAE1-Autonomy-Innovation
Sub-Moog-Innovation,HANADB-Tier1,60,null,13,7,null,SimpleSchedulePolicy,Daily,[],SAPHanaDatabase,autonomy-innovation,RSV-USAE1-Autonomy-Innovation
Sub-Moog-Innovation,HANADB-Tier3,null,4,1,null,28,SimpleSchedulePolicy,Weekly,[Monday, Tuesday, Wednesday, Thursday, Friday, Saturday],SAPHanaDatabase,autonomy-innovation,RSV-USAE1-Autonomy-Innovation
Sub-Moog-Innovation,HANADB-Tier1,60,null,13,7,null,SimpleSchedulePolicy,Daily,[],SAPHanaDatabase,RG-USAE1-Backup-Recovery,RSV-USAE1-Backup-IaaS
Sub-Moog-Innovation,HANADB-Tier3,null,4,1,null,28,SimpleSchedulePolicy,Weekly,[Monday, Tuesday, Wednesday, Thursday, Friday, Saturday],SAPHanaDatabase,RG-USAE1-Backup-Recovery,RSV-USAE1-Backup-IaaS
Sub-Moog-Innovation,HANADB-Tier2,null,4,6,null,28,SimpleSchedulePolicy,Weekly,[Monday, Tuesday, Wednesday, Thursday, Friday, Saturday],SAPHanaDatabase,RG-USAE1-Backup-Recovery,RSV-USAE1-Backup-IaaS
Sub-Moog-Innovation,HANADB-Tier3,null,4,1,null,28,SimpleSchedulePolicy,Weekly,[Monday, Tuesday, Wednesday, Thursday, Friday, Saturday],SAPHanaDatabase,RG-USAE2-INNOVATION-SYSTEM,RSV-USAE2-Moog-Innovation
Sub-Moog-Innovation,HANADB-Tier1,60,null,13,7,null,SimpleSchedulePolicy,Daily,[],SAPHanaDatabase,RG-USAE2-INNOVATION-SYSTEM,RSV-USAE2-Moog-Innovation
Sub-Moog-Innovation,HANADB-Tier2,null,4,6,null,28,SimpleSchedulePolicy,Weekly,[Monday, Tuesday, Wednesday, Thursday, Friday, Saturday],SAPHanaDatabase,RG-USAE2-INNOVATION-SYSTEM,RSV-USAE2-Moog-Innovation
